subj_idx,stim,response,rt,condition
1001,-1.5,0,1.005316083,1
1001,-1.5,0,1.563261542,1
1001,-0.5,0,1.5422625,1
1001,-0.5,1,2.880745542,1
1001,-0.5,1,1.042687541,1
1001,0,0,1.650601417,1
1001,0,0,0.780785833,1
1001,0,1,1.5039535,1
1001,0,1,2.217421375,1
1001,0,1,1.461098166,1
1001,0,0,2.552439084,1
1001,0,0,1.151775417,1
1001,0,1,0.754864459,1
1001,0,0,1.8668685,1
1001,0,0,0.93016275,1
1001,0,1,0.844670375,1
1001,0,1,1.027184875,1
1001,0,1,1.669923875,1
1001,0,1,0.9112625,1
1001,0,1,0.765877708,1
1001,0,0,1.387015959,1
1001,0.5,1,1.138870125,1
1001,0.5,0,2.493949625,1
1001,1.5,0,1.60195725,1
1001,1.5,0,1.310310584,1
1001,-1.5,1,0.863464459,-1
1001,-1.5,1,1.116290334,-1
1001,-0.5,1,1.377811375,-1
1001,-0.5,1,3.393279625,-1
1001,-0.5,1,1.280340834,-1
1001,0,1,1.348363375,-1
1001,0,1,0.839165083,-1
1001,0,1,2.277457584,-1
1001,0,0,1.249430541,-1
1001,0,1,1.56051325,-1
1001,0,1,2.744473875,-1
1001,0,0,1.909187625,-1
1001,0,0,1.003680334,-1
1001,0,0,3.670029041,-1
1001,0,0,0.958091542,-1
1001,0,1,1.065070042,-1
1001,0,1,1.371699167,-1
1001,0,1,0.949483917,-1
1001,0,1,3.194100291,-1
1001,0,1,0.743589375,-1
1001,0,1,1.458920125,-1
1001,0.5,0,2.595084875,-1
1001,0.5,1,1.605506917,-1
1001,1.5,0,1.190336708,-1
1001,1.5,0,1.589244834,-1
1001,-1.5,1,0.754612459,0
1001,-1.5,1,1.289766708,0
1001,-0.5,1,1.392798917,0
1001,-0.5,1,1.763661875,0
1001,-0.5,1,0.911276208,0
1001,0,1,0.432607541,0
1001,0,1,0.810912084,0
1001,0,1,1.478199041,0
1001,0,1,0.629466458,0
1001,0,0,1.467198708,0
1001,0,0,1.806788833,0
1001,0,0,1.041562667,0
1001,0,0,1.416462166,0
1001,0,1,2.91382575,0
1001,0,0,1.462222708,0
1001,0,1,2.456401917,0
1001,0,1,1.5600255,0
1001,0,1,1.380460708,0
1001,0,1,1.346544791,0
1001,0,1,1.280856375,0
1001,0,1,1.427150416,0
1001,0.5,0,2.140634708,0
1001,0.5,0,0.964270084,0
1001,1.5,0,3.690296917,0
1001,1.5,0,1.985293792,0
1001,-1.5,0,2.679769375,0
1001,-1.5,1,0.898581958,0
1001,-0.5,1,1.201546625,0
1001,-0.5,1,0.704240958,0
1001,-0.5,1,1.045777583,0
1001,0,0,0.854818542,0
1001,0,1,1.198158,0
1001,0,0,1.330932334,0
1001,0,0,2.20807575,0
1001,0,1,3.15825025,0
1001,0,0,1.166200166,0
1001,0,0,0.824737917,0
1001,0,1,0.860120667,0
1001,0,1,1.646540584,0
1001,0,0,1.040312541,0
1001,0,0,1.939110417,0
1001,0,1,1.80256625,0
1001,0,0,1.240967792,0
1001,0,1,1.010878208,0
1001,0,1,0.930795708,0
1001,0.5,1,3.186406875,0
1001,0.5,1,1.1860905,0
1001,1.5,1,1.337579209,0
1001,1.5,0,1.499653875,0
1001,-1.5,1,0.979376667,1
1001,-1.5,1,1.029142375,1
1001,-0.5,1,1.073841542,1
1001,-0.5,1,1.244872083,1
1001,0,1,0.857445083,1
1001,0,0,1.377915458,1
1001,0,1,0.732789375,1
1001,0,0,1.486612667,1
1001,0,0,0.992866458,1
1001,0,1,0.810103667,1
1001,0,1,1.196348958,1
1001,0,1,1.745128625,1
1001,0,1,1.416417958,1
1001,0,0,1.655299833,1
1001,0,0,1.531435,1
1001,0,1,1.565072833,1
1001,0,1,1.223921333,1
1001,0,1,2.443039583,1
1001,0,1,0.808716,1
1001,0,1,2.061640208,1
1001,0.5,0,1.719838166,1
1001,0.5,0,3.898448209,1
1001,1.5,0,1.563256458,1
1001,1.5,0,2.700354042,1
1001,-1.5,1,0.739758792,-1
1001,-1.5,1,0.845652416,-1
1001,-0.5,1,0.731907875,-1
1001,-0.5,1,1.528035833,-1
1001,-0.5,1,2.252690666,-1
1001,0,1,0.821924,-1
1001,0,0,1.171510125,-1
1001,0,0,0.966402709,-1
1001,0,1,0.956770791,-1
1001,0,1,1.155596042,-1
1001,0,1,0.939998875,-1
1001,0,0,1.294422958,-1
1001,0,1,0.697144834,-1
1001,0,1,1.640739083,-1
1001,0,1,0.765203667,-1
1001,0,1,0.941058041,-1
1001,0,0,1.061160875,-1
1001,0,1,1.084797958,-1
1001,0,1,1.017832,-1
1001,0,1,0.823175292,-1
1001,0,1,1.001067083,-1
1001,0.5,0,1.2897955,-1
1001,0.5,1,0.744470417,-1
1001,1.5,1,0.828063541,-1
1001,1.5,1,2.862338458,-1
1001,-1.5,1,2.085630375,0
1001,-1.5,1,1.020120625,0
1001,-0.5,1,1.821412708,0
1001,-0.5,1,1.360160042,0
1001,0,1,1.045408333,0
1001,0,1,1.013458041,0
1001,0,1,1.079886459,0
1001,0,1,0.59034875,0
1001,0,1,1.745523959,0
1001,0,1,1.506223958,0
1001,0,1,1.202221833,0
1001,0,1,1.023787583,0
1001,0,1,0.849569541,0
1001,0,1,1.193292334,0
1001,0,1,0.938527208,0
1001,0,0,1.24513375,0
1001,0,1,1.777177708,0
1001,0,1,1.810878209,0
1001,0,1,0.711538666,0
1001,0,1,2.275501,0
1001,0.5,1,1.051382708,0
1001,0.5,1,2.257444375,0
1001,0.5,1,3.099024334,0
1001,1.5,0,1.645024625,0
1001,1.5,0,0.938010042,0
1001,-1.5,1,1.424080541,1
1001,-1.5,1,0.798250917,1
1001,-0.5,1,1.324989167,1
1001,-0.5,1,0.903176,1
1001,0,1,0.914247625,1
1001,0,1,1.414314625,1
1001,0,1,0.772387,1
1001,0,1,1.060687917,1
1001,0,1,1.035156083,1
1001,0,1,1.230817708,1
1001,0,1,0.931350292,1
1001,0,0,1.643906125,1
1001,0,0,2.155706625,1
1001,0,1,1.591855417,1
1001,0,1,2.591140583,1
1001,0,1,1.488250334,1
1001,0,1,0.754900917,1
1001,0,1,1.192228416,1
1001,0,1,0.658818583,1
1001,0,1,1.056275209,1
1001,0.5,1,0.813809958,1
1001,0.5,1,0.882495041,1
1001,0.5,1,1.528233666,1
1001,1.5,0,1.346462,1
1001,1.5,1,2.793156792,1
1001,-1.5,1,0.691441333,-1
1001,-1.5,1,0.913598416,-1
1001,-0.5,1,0.786911125,-1
1001,-0.5,1,0.696993375,-1
1001,0,0,1.065743375,-1
1001,0,1,2.552038875,-1
1001,0,1,1.94995775,-1
1001,0,1,2.945819834,-1
1001,0,1,1.52496425,-1
1001,0,1,1.033468833,-1
1001,0,0,2.286380792,-1
1001,0,1,2.825222792,-1
1001,0,1,0.884057083,-1
1001,0,1,1.742388583,-1
1001,0,1,2.660617916,-1
1001,0,1,0.9135405,-1
1001,0,1,0.798284084,-1
1001,0,1,2.889190708,-1
1001,0,1,2.333034709,-1
1001,0.5,0,1.683498792,-1
1001,0.5,1,2.103781417,-1
1001,1.5,0,1.36406175,-1
1001,1.5,1,0.999567833,-1
1001,-1.5,1,0.463218417,-1
1001,-1.5,1,0.826811,-1
1001,-0.5,1,1.661754375,-1
1001,-0.5,1,1.758336166,-1
1001,0,1,0.882743042,-1
1001,0,1,0.943055458,-1
1001,0,0,1.428255417,-1
1001,0,0,1.817949208,-1
1001,0,1,1.2090635,-1
1001,0,0,1.163723375,-1
1001,0,1,1.002956375,-1
1001,0,1,1.887399958,-1
1001,0,0,1.378185375,-1
1001,0,1,0.923146959,-1
1001,0,1,0.949916417,-1
1001,0,1,1.300048083,-1
1001,0,0,1.840996459,-1
1001,0,1,0.877783208,-1
1001,0,1,1.250193125,-1
1001,0,1,1.074887542,-1
1001,0.5,0,2.781704542,-1
1001,0.5,1,1.048090667,-1
1001,0.5,1,1.982084292,-1
1001,1.5,1,0.625808416,-1
1001,1.5,0,3.009934875,-1
1001,-1.5,1,0.793753916,1
1001,-1.5,1,0.901352041,1
1001,-0.5,1,0.630167042,1
1001,-0.5,1,0.729838709,1
1001,0,0,0.892257084,1
1001,0,1,0.79352975,1
1001,0,1,0.843809042,1
1001,0,1,1.069408875,1
1001,0,1,0.766612625,1
1001,0,1,1.226358333,1
1001,0,1,2.446241417,1
1001,0,1,0.851970916,1
1001,0,1,0.792777792,1
1001,0,1,1.03873625,1
1001,0,1,0.8801015,1
1001,0,1,3.117197584,1
1001,0,1,0.798494,1
1001,0,1,0.75073725,1
1001,0,1,1.36213175,1
1001,0,1,1.232678875,1
1001,0.5,1,1.223685,1
1001,0.5,1,1.071639625,1
1001,0.5,1,3.34640225,1
1001,1.5,0,1.579552792,1
1001,1.5,0,1.23691125,1
1001,-1.5,1,0.859112209,0
1001,-1.5,1,0.796554459,0
1001,-0.5,1,1.0198425,0
1001,-0.5,1,0.81460675,0
1001,0,1,0.934625292,0
1001,0,0,0.971399042,0
1001,0,0,2.691302125,0
1001,0,0,2.03368725,0
1001,0,1,1.141647417,0
1001,0,1,0.743808083,0
1001,0,1,0.787759167,0
1001,0,1,1.6781585,0
1001,0,1,2.763628,0
1001,0,1,1.336190042,0
1001,0,1,1.221446542,0
1001,0,0,1.01847425,0
1001,0,1,0.942102,0
1001,0,1,1.010015166,0
1001,0,1,1.069189625,0
1001,0,0,2.642859417,0
1001,0.5,1,1.426755416,0
1001,0.5,1,0.822544542,0
1001,0.5,0,1.288132167,0
1001,1.5,0,1.152475458,0
1001,1.5,0,1.133815458,0
1002,-1.5,0,1.231407167,-1
1002,-1.5,0,0.742249041,-1
1002,-0.5,0,1.445616959,-1
1002,-0.5,0,1.6072145,-1
1002,-0.5,0,1.014885,-1
1002,0,0,1.655010292,-1
1002,0,0,1.232709292,-1
1002,0,1,3.412104417,-1
1002,0,1,1.998506792,-1
1002,0,0,3.308481917,-1
1002,0,0,3.327186208,-1
1002,0,0,0.69394325,-1
1002,0,0,2.479138209,-1
1002,0,1,1.624307542,-1
1002,0,1,2.291680375,-1
1002,0,1,2.347006791,-1
1002,0,1,3.077894625,-1
1002,0,0,1.846852917,-1
1002,0,1,1.28585425,-1
1002,0,1,3.166579583,-1
1002,0,0,1.706069125,-1
1002,0.5,1,1.103661709,-1
1002,0.5,0,3.431834208,-1
1002,1.5,1,1.878985208,-1
1002,1.5,1,1.556079834,-1
1002,-1.5,0,0.934173,1
1002,-1.5,0,1.13185775,1
1002,-0.5,0,2.353058667,1
1002,-0.5,1,2.757667333,1
1002,-0.5,0,2.770051792,1
1002,0,1,2.818834875,1
1002,0,1,3.305267333,1
1002,0,0,2.504489792,1
1002,0,0,1.614225042,1
1002,0,1,3.054694375,1
1002,0,1,1.483780375,1
1002,0,0,1.52532525,1
1002,0,1,1.723059875,1
1002,0,1,1.084796291,1
1002,0,1,2.094855292,1
1002,0,0,2.759981917,1
1002,0,0,3.796039917,1
1002,0,0,1.4674715,1
1002,0,1,0.937736542,1
1002,0,1,1.133811833,1
1002,0,0,3.093980875,1
1002,0.5,1,1.017756917,1
1002,0.5,1,1.1913045,1
1002,1.5,1,2.042169833,1
1002,1.5,1,0.870968833,1
1002,-1.5,0,2.003547,0
1002,-1.5,0,0.805894792,0
1002,-0.5,0,2.425445125,0
1002,-0.5,0,0.727696833,0
1002,-0.5,0,1.161311416,0
1002,0,0,1.037751417,0
1002,0,1,3.21572725,0
1002,0,0,2.59678575,0
1002,0,0,1.140764,0
1002,0,1,2.38452525,0
1002,0,1,1.392749375,0
1002,0,0,2.1327345,0
1002,0,1,0.923955209,0
1002,0,0,2.320085541,0
1002,0,1,3.025203459,0
1002,0,0,2.27499675,0
1002,0,1,1.024888917,0
1002,0,1,3.015771958,0
1002,0,0,0.826973166,0
1002,0,0,1.705758792,0
1002,0,0,0.895529333,0
1002,0.5,1,1.185283167,0
1002,0.5,1,1.2274145,0
1002,1.5,1,1.0245065,0
1002,1.5,1,1.745529333,0
1002,-1.5,0,0.8610475,0
1002,-1.5,0,0.981284875,0
1002,-0.5,0,1.138427208,0
1002,-0.5,1,2.733378333,0
1002,-0.5,0,1.298248834,0
1002,0,0,2.797748542,0
1002,0,1,2.421918416,0
1002,0,1,2.447621,0
1002,0,1,1.224065375,0
1002,0,1,1.139174625,0
1002,0,0,1.225989708,0
1002,0,1,1.244496167,0
1002,0,1,2.264447333,0
1002,0,1,3.048077459,0
1002,0,0,1.907157459,0
1002,0,1,1.239276083,0
1002,0,1,2.162688916,0
1002,0,1,1.546291916,0
1002,0,1,2.520356042,0
1002,0,1,2.139695708,0
1002,0,0,0.887779458,0
1002,0.5,1,0.968121334,0
1002,0.5,1,1.910513708,0
1002,1.5,1,0.966961583,0
1002,1.5,1,1.310975959,0
1002,-1.5,0,0.734995917,1
1002,-1.5,0,0.883627542,1
1002,-0.5,0,1.624835,1
1002,-0.5,0,1.014366875,1
1002,-0.5,0,0.915009542,1
1002,0,1,0.795250042,1
1002,0,0,2.761113541,1
1002,0,1,2.001535042,1
1002,0,1,1.274489625,1
1002,0,0,1.757324167,1
1002,0,1,1.541232375,1
1002,0,1,1.775262709,1
1002,0,1,0.902226417,1
1002,0,0,2.078485,1
1002,0,1,1.031379458,1
1002,0,0,1.361070708,1
1002,0,1,1.608113125,1
1002,0,0,1.569105166,1
1002,0,1,1.024873,1
1002,0,0,1.887538083,1
1002,0.5,1,1.081150917,1
1002,0.5,1,1.110566291,1
1002,1.5,1,0.745629334,1
1002,1.5,1,0.815114833,1
1002,-1.5,0,0.750048292,-1
1002,-1.5,0,2.605422208,-1
1002,-0.5,1,1.962490209,-1
1002,-0.5,1,2.491730709,-1
1002,-0.5,1,2.80493325,-1
1002,0,1,3.070056375,-1
1002,0,1,2.980492,-1
1002,0,0,2.952249542,-1
1002,0,0,0.926856167,-1
1002,0,1,1.635700625,-1
1002,0,1,2.477507084,-1
1002,0,0,1.779718041,-1
1002,0,1,2.162778542,-1
1002,0,1,1.328495209,-1
1002,0,0,2.26081325,-1
1002,0,0,1.1078525,-1
1002,0,1,1.538791958,-1
1002,0,0,0.812871875,-1
1002,0,0,1.6811345,-1
1002,0,0,0.746889167,-1
1002,0,0,0.785728375,-1
1002,0.5,1,1.250511333,-1
1002,0.5,1,1.396511166,-1
1002,1.5,1,0.942070917,-1
1002,1.5,1,0.980648125,-1
1002,-1.5,0,1.35199625,0
1002,-1.5,0,0.916600209,0
1002,-0.5,0,1.398907584,0
1002,-0.5,0,2.173364125,0
1002,0,1,2.245085833,0
1002,0,1,3.560006583,0
1002,0,1,1.683923375,0
1002,0,0,2.18437675,0
1002,0,1,1.92026825,0
1002,0,1,2.607565083,0
1002,0,1,1.705640042,0
1002,0,0,2.114437,0
1002,0,0,3.462140541,0
1002,0,0,2.096809042,0
1002,0,0,2.66057325,0
1002,0,1,2.687735458,0
1002,0,0,2.4162825,0
1002,0,1,2.009796042,0
1002,0,1,2.016411959,0
1002,0.5,1,2.2320605,0
1002,0.5,0,2.23659175,0
1002,0.5,1,1.444131417,0
1002,1.5,1,1.606522375,0
1002,1.5,1,1.2425575,0
1002,-1.5,0,1.427239833,-1
1002,-1.5,0,0.754828625,-1
1002,-0.5,1,3.067046542,-1
1002,-0.5,0,0.633665583,-1
1002,0,0,0.839850959,-1
1002,0,0,1.474627875,-1
1002,0,0,1.236609625,-1
1002,0,0,1.492498917,-1
1002,0,1,1.126077625,-1
1002,0,1,2.257894791,-1
1002,0,1,1.800870083,-1
1002,0,1,3.261076625,-1
1002,0,0,2.217911792,-1
1002,0,0,2.551302,-1
1002,0,0,1.785994875,-1
1002,0,1,1.395449083,-1
1002,0,0,1.581027875,-1
1002,0,1,0.977999917,-1
1002,0,0,1.295491875,-1
1002,0,0,0.728886959,-1
1002,0.5,1,1.406960292,-1
1002,0.5,1,0.977961083,-1
1002,0.5,1,1.649925541,-1
1002,1.5,1,1.674287167,-1
1002,1.5,1,1.589923125,-1
1002,-1.5,0,0.801234416,1
1002,-1.5,0,1.016906125,1
1002,-0.5,0,1.080732458,1
1002,-0.5,1,2.67376725,1
1002,0,0,1.656722,1
1002,0,1,2.601757375,1
1002,0,1,1.834102667,1
1002,0,0,2.540177041,1
1002,0,1,3.467349083,1
1002,0,1,2.729243709,1
1002,0,1,3.612337083,1
1002,0,1,1.036868666,1
1002,0,1,2.769761834,1
1002,0,1,2.152488625,1
1002,0,1,2.570289042,1
1002,0,1,1.036135459,1
1002,0,1,3.122993375,1
1002,0,0,1.065934208,1
1002,0,1,1.798607916,1
1002,0,0,3.820944709,1
1002,0.5,1,0.93593325,1
1002,0.5,1,1.684619708,1
1002,0.5,1,3.506860958,1
1002,1.5,1,1.874182042,1
1002,1.5,1,1.109764333,1
1002,-1.5,0,1.124893125,1
1002,-1.5,0,1.948409125,1
1002,-0.5,1,1.757627583,1
1002,-0.5,1,2.190238709,1
1002,0,1,2.662066709,1
1002,0,1,2.07702025,1
1002,0,1,1.79755825,1
1002,0,1,0.787282834,1
1002,0,0,1.316748292,1
1002,0,1,1.935212875,1
1002,0,1,2.98793375,1
1002,0,1,2.076355,1
1002,0,0,3.883706583,1
1002,0,1,3.539342542,1
1002,0,0,3.755401541,1
1002,0,1,1.220946542,1
1002,0,1,0.780352541,1
1002,0,1,2.073846875,1
1002,0,1,3.265757458,1
1002,0,0,3.676173,1
1002,0.5,1,0.822445583,1
1002,0.5,1,0.955549166,1
1002,0.5,1,1.721046959,1
1002,1.5,1,1.632433542,1
1002,1.5,1,1.359760958,1
1002,-1.5,0,0.690366333,-1
1002,-1.5,0,1.435011167,-1
1002,-0.5,0,1.315523667,-1
1002,-0.5,1,2.158222166,-1
1002,0,0,1.1357975,-1
1002,0,0,1.749905291,-1
1002,0,0,3.393896542,-1
1002,0,0,2.774650334,-1
1002,0,1,1.451834292,-1
1002,0,1,1.736758333,-1
1002,0,1,2.158536,-1
1002,0,1,2.633853375,-1
1002,0,0,2.638887875,-1
1002,0,1,2.434068667,-1
1002,0,0,1.508953208,-1
1002,0,1,2.385886,-1
1002,0,1,0.991552417,-1
1002,0,1,2.231531125,-1
1002,0,1,2.228631209,-1
1002,0,0,1.618342833,-1
1002,0.5,1,1.48166775,-1
1002,0.5,0,2.900422542,-1
1002,0.5,1,1.013661541,-1
1002,1.5,1,0.92495675,-1
1002,1.5,1,0.864886125,-1
1002,-1.5,0,0.84834325,0
1002,-1.5,0,0.928244875,0
1002,-0.5,0,2.493929291,0
1002,-0.5,1,0.941301125,0
1002,0,1,1.232688917,0
1002,0,1,1.95039525,0
1002,0,1,1.962329583,0
1002,0,1,1.3986195,0
1002,0,1,1.207245833,0
1002,0,1,1.340215375,0
1002,0,1,1.54622275,0
1002,0,1,1.913179,0
1002,0,1,1.082617458,0
1002,0,1,2.472172458,0
1002,0,1,2.577914,0
1002,0,1,0.991545875,0
1002,0,0,0.919329,0
1002,0,1,0.772922375,0
1002,0,1,2.297432125,0
1002,0,1,0.977216958,0
1002,0.5,1,1.256698084,0
1002,0.5,1,1.762288458,0
1002,0.5,1,0.949591583,0
1002,1.5,1,1.093812375,0
1002,1.5,1,1.4695905,0
1003,-1.5,0,0.717452541,-1
1003,-1.5,0,0.75436275,-1
1003,-0.5,1,1.535323541,-1
1003,-0.5,0,1.968998292,-1
1003,-0.5,1,1.075096042,-1
1003,0,0,2.693319417,-1
1003,0,1,1.270937792,-1
1003,0,0,2.258202833,-1
1003,0,0,2.0080565,-1
1003,0,1,2.864848833,-1
1003,0,1,0.951155083,-1
1003,0,0,1.464210875,-1
1003,0,1,0.826450667,-1
1003,0,1,0.942442917,-1
1003,0,1,0.94867275,-1
1003,0,0,0.799466542,-1
1003,0,1,0.97229525,-1
1003,0,0,1.244107,-1
1003,0,1,0.78226975,-1
1003,0,1,0.77343625,-1
1003,0,1,2.622248,-1
1003,0.5,1,1.578049833,-1
1003,0.5,1,0.762595458,-1
1003,1.5,1,0.70326,-1
1003,1.5,1,0.647537459,-1
1003,-1.5,0,0.767462,0
1003,-1.5,0,0.660740958,0
1003,-0.5,0,1.163836625,0
1003,-0.5,0,0.762755292,0
1003,-0.5,0,0.642147417,0
1003,0,0,0.91522775,0
1003,0,0,1.021644167,0
1003,0,0,0.757889875,0
1003,0,0,0.806616125,0
1003,0,0,1.532292083,0
1003,0,1,0.7927915,0
1003,0,0,1.602382625,0
1003,0,1,0.72904775,0
1003,0,0,1.187374209,0
1003,0,0,1.063574583,0
1003,0,1,1.145020375,0
1003,0,1,1.002414833,0
1003,0,1,1.013240917,0
1003,0,0,0.829691875,0
1003,0,0,0.815807708,0
1003,0,0,0.9174515,0
1003,0.5,1,0.803948334,0
1003,0.5,0,2.565796083,0
1003,1.5,1,0.721016583,0
1003,1.5,1,0.875207291,0
1003,-1.5,0,1.173738833,1
1003,-1.5,0,0.7678305,1
1003,-0.5,0,0.812455334,1
1003,-0.5,1,0.800829458,1
1003,-0.5,0,1.611076709,1
1003,0,0,0.952885792,1
1003,0,1,1.687794292,1
1003,0,0,1.073518542,1
1003,0,1,1.226679791,1
1003,0,1,1.008518292,1
1003,0,1,0.96730125,1
1003,0,1,1.386075625,1
1003,0,1,0.815850667,1
1003,0,1,1.025112542,1
1003,0,1,1.455508417,1
1003,0,0,1.342049959,1
1003,0,1,0.698959125,1
1003,0,0,1.063945625,1
1003,0,1,1.179978958,1
1003,0,1,0.845434209,1
1003,0,1,1.119176708,1
1003,0.5,1,0.890366292,1
1003,0.5,1,0.759604417,1
1003,1.5,1,0.70052175,1
1003,1.5,1,0.73357825,1
1003,-1.5,0,1.315771542,1
1003,-1.5,0,1.870774,1
1003,-0.5,1,0.834849834,1
1003,-0.5,1,1.014253959,1
1003,-0.5,0,0.936379583,1
1003,0,0,1.096030458,1
1003,0,0,0.758710667,1
1003,0,1,0.773854542,1
1003,0,0,1.375709834,1
1003,0,0,0.937323958,1
1003,0,1,1.156648666,1
1003,0,0,0.833100208,1
1003,0,0,1.348511458,1
1003,0,0,0.986645584,1
1003,0,1,1.219647792,1
1003,0,0,1.7145895,1
1003,0,0,1.340328167,1
1003,0,1,0.804679584,1
1003,0,0,1.788332541,1
1003,0,1,0.817683625,1
1003,0,1,1.099649375,1
1003,0.5,1,0.908994667,1
1003,0.5,1,2.839211708,1
1003,1.5,1,0.68267725,1
1003,1.5,1,0.884398083,1
1003,-1.5,0,0.704208292,-1
1003,-1.5,0,0.774220875,-1
1003,-0.5,0,0.908175625,-1
1003,-0.5,1,2.150281291,-1
1003,-0.5,0,1.584889625,-1
1003,0,1,0.900707333,-1
1003,0,0,1.420744125,-1
1003,0,1,0.928256083,-1
1003,0,0,2.011527791,-1
1003,0,0,0.862923958,-1
1003,0,1,1.439151375,-1
1003,0,1,1.912447834,-1
1003,0,1,0.867825875,-1
1003,0,0,0.79658325,-1
1003,0,0,1.172184417,-1
1003,0,1,0.880241416,-1
1003,0,0,1.014472542,-1
1003,0,0,0.990054333,-1
1003,0,1,0.774813458,-1
1003,0,1,1.31472875,-1
1003,0,1,1.746807833,-1
1003,0.5,1,2.320291042,-1
1003,0.5,1,1.102905542,-1
1003,1.5,1,0.800110667,-1
1003,1.5,1,0.741223834,-1
1003,-1.5,0,0.917210708,0
1003,-1.5,0,0.880405625,0
1003,-0.5,1,0.878811,0
1003,-0.5,1,1.0033545,0
1003,-0.5,1,1.364566458,0
1003,0,1,0.788844125,0
1003,0,1,0.980090916,0
1003,0,1,1.992221125,0
1003,0,0,1.224989375,0
1003,0,1,0.736404333,0
1003,0,1,0.975179334,0
1003,0,1,1.873338708,0
1003,0,1,1.680905042,0
1003,0,1,2.177492708,0
1003,0,0,1.275247209,0
1003,0,0,0.844478959,0
1003,0,1,0.836954417,0
1003,0,1,1.505991709,0
1003,0,0,2.073164084,0
1003,0,0,1.352177125,0
1003,0,0,1.079162875,0
1003,0.5,1,1.4225275,0
1003,0.5,1,0.870316583,0
1003,1.5,1,1.227345292,0
1003,1.5,1,2.540857625,0
1003,-1.5,0,0.830817792,0
1003,-1.5,0,0.738343,0
1003,-0.5,0,1.09943225,0
1003,-0.5,0,0.821325792,0
1003,0,0,1.976059083,0
1003,0,1,0.838851625,0
1003,0,1,0.935231459,0
1003,0,0,1.225509625,0
1003,0,0,1.045864291,0
1003,0,1,0.735863959,0
1003,0,1,1.728235875,0
1003,0,1,1.098153416,0
1003,0,0,0.816161417,0
1003,0,1,1.959751625,0
1003,0,1,1.149839792,0
1003,0,0,1.579475125,0
1003,0,1,2.06574375,0
1003,0,0,1.1545575,0
1003,0,1,2.959627125,0
1003,0,1,0.879459791,0
1003,0.5,0,1.22637025,0
1003,0.5,1,1.02207675,0
1003,0.5,1,0.857319084,0
1003,1.5,1,0.73971125,0
1003,1.5,1,0.879692042,0
1003,-1.5,0,1.287390041,1
1003,-1.5,0,0.8249425,1
1003,-0.5,0,1.033931625,1
1003,-0.5,0,0.990632541,1
1003,0,1,1.85198875,1
1003,0,0,0.986456916,1
1003,0,0,0.9902895,1
1003,0,0,1.420201667,1
1003,0,0,0.940760375,1
1003,0,1,0.821207125,1
1003,0,0,0.929343958,1
1003,0,0,0.83305325,1
1003,0,1,1.672769542,1
1003,0,1,0.713294333,1
1003,0,1,1.780513916,1
1003,0,0,2.279341875,1
1003,0,0,1.157705542,1
1003,0,1,1.696033042,1
1003,0,0,0.999231458,1
1003,0,1,0.825560916,1
1003,0.5,1,1.051329708,1
1003,0.5,0,2.095133333,1
1003,0.5,1,1.388421958,1
1003,1.5,1,0.758653375,1
1003,1.5,1,1.050671375,1
1003,-1.5,0,0.779630375,-1
1003,-1.5,0,0.74875125,-1
1003,-0.5,0,1.063826834,-1
1003,-0.5,0,0.868536875,-1
1003,0,0,1.309117125,-1
1003,0,0,2.163603834,-1
1003,0,1,1.239798333,-1
1003,0,0,1.998625625,-1
1003,0,1,0.906716459,-1
1003,0,1,1.22329875,-1
1003,0,0,1.88508625,-1
1003,0,0,1.038442875,-1
1003,0,0,1.85550025,-1
1003,0,1,0.994042875,-1
1003,0,0,0.936804417,-1
1003,0,0,0.976372959,-1
1003,0,0,0.989510834,-1
1003,0,1,1.622534917,-1
1003,0,1,1.295576167,-1
1003,0,0,0.802781209,-1
1003,0.5,1,1.24756525,-1
1003,0.5,1,1.0565435,-1
1003,0.5,1,0.7596085,-1
1003,1.5,1,0.776592,-1
1003,1.5,1,0.759222166,-1
1003,-1.5,0,0.689009667,0
1003,-1.5,0,0.7790205,0
1003,-0.5,0,1.127199,0
1003,-0.5,1,1.252117042,0
1003,0,0,1.3437915,0
1003,0,0,1.166261708,0
1003,0,1,1.073404792,0
1003,0,1,1.141421166,0
1003,0,1,0.836747791,0
1003,0,1,1.197995875,0
1003,0,1,1.012705792,0
1003,0,1,1.094604,0
1003,0,0,2.079526708,0
1003,0,0,1.201881959,0
1003,0,0,1.205685042,0
1003,0,0,1.98720675,0
1003,0,0,1.153724625,0
1003,0,0,1.214806208,0
1003,0,1,1.03646525,0
1003,0,0,0.711866333,0
1003,0.5,1,0.673888375,0
1003,0.5,1,0.75494325,0
1003,0.5,1,0.755102083,0
1003,1.5,1,0.811043708,0
1003,1.5,1,0.690622209,0
1003,-1.5,0,0.6472905,-1
1003,-1.5,0,0.911544834,-1
1003,-0.5,0,0.943337792,-1
1003,-0.5,0,0.787755042,-1
1003,0,0,0.839175125,-1
1003,0,1,0.70185725,-1
1003,0,0,1.16544925,-1
1003,0,0,0.982689708,-1
1003,0,1,2.06432,-1
1003,0,1,1.288679958,-1
1003,0,1,0.900153125,-1
1003,0,0,1.426980417,-1
1003,0,1,1.161271,-1
1003,0,1,1.099901541,-1
1003,0,1,0.712925583,-1
1003,0,0,0.8047415,-1
1003,0,1,1.536932333,-1
1003,0,0,1.8693145,-1
1003,0,0,0.98721625,-1
1003,0,1,1.960377542,-1
1003,0.5,1,1.959779542,-1
1003,0.5,1,1.16233775,-1
1003,0.5,1,1.384056583,-1
1003,1.5,1,0.860388708,-1
1003,1.5,1,0.823297042,-1
1003,-1.5,0,0.922859084,1
1003,-1.5,0,0.96075725,1
1003,-0.5,0,1.575038625,1
1003,-0.5,0,1.635803875,1
1003,0,1,0.952958959,1
1003,0,1,1.306815958,1
1003,0,1,1.85794225,1
1003,0,1,1.26250825,1
1003,0,1,0.737048583,1
1003,0,0,0.846202209,1
1003,0,0,2.261762375,1
1003,0,0,1.531214458,1
1003,0,1,1.124840375,1
1003,0,1,1.797212292,1
1003,0,1,1.192222792,1
1003,0,1,0.77633775,1
1003,0,1,1.483055708,1
1003,0,1,1.025183792,1
1003,0,1,1.225755125,1
1003,0,1,0.738513083,1
1003,0.5,1,1.782036333,1
1003,0.5,1,1.7905955,1
1003,0.5,1,2.22939475,1
1003,1.5,1,1.479455167,1
1003,1.5,1,0.873633375,1
1004,-1.5,0,1.0845985,-1
1004,-1.5,0,1.289519209,-1
1004,-0.5,0,1.657131958,-1
1004,-0.5,0,1.853533042,-1
1004,-0.5,1,2.922624958,-1
1004,0,0,3.575964583,-1
1004,0,0,2.078929167,-1
1004,0,1,2.922500042,-1
1004,0,0,2.924248792,-1
1004,0,0,1.798470125,-1
1004,0,1,2.894171833,-1
1004,0,0,1.735810458,-1
1004,0,0,1.898068708,-1
1004,0,1,2.133657291,-1
1004,0,1,3.10188275,-1
1004,0,0,3.266304458,-1
1004,0,1,2.7570735,-1
1004,0,0,3.818779333,-1
1004,0,1,2.246711459,-1
1004,0,0,3.103152042,-1
1004,0,0,2.319013583,-1
1004,0.5,0,3.414292416,-1
1004,0.5,0,2.286914416,-1
1004,1.5,1,2.253649917,-1
1004,1.5,1,1.533068209,-1
1004,-1.5,0,1.154259125,1
1004,-1.5,0,1.014150333,1
1004,-0.5,1,2.611412084,1
1004,-0.5,0,1.26383575,1
1004,-0.5,0,2.940893334,1
1004,0,0,1.388804791,1
1004,0,0,1.473637958,1
1004,0,1,2.737223458,1
1004,0,0,1.363297958,1
1004,0,1,1.546553333,1
1004,0,0,1.688432042,1
1004,0,0,1.892218333,1
1004,0,1,1.816931958,1
1004,0,1,2.414024167,1
1004,0,0,1.477706417,1
1004,0,1,1.640526916,1
1004,0,0,1.566499709,1
1004,0,0,1.933927792,1
1004,0,0,2.449520583,1
1004,0,1,2.275990334,1
1004,0,0,1.659303916,1
1004,0.5,1,1.878141959,1
1004,0.5,1,2.26371375,1
1004,1.5,0,1.24647775,1
1004,1.5,1,1.553401875,1
1004,-1.5,0,1.395405167,0
1004,-1.5,0,1.133520917,0
1004,-0.5,0,1.86990075,0
1004,-0.5,0,1.146356667,0
1004,-0.5,0,1.180683209,0
1004,0,1,1.575330791,0
1004,0,0,1.34287225,0
1004,0,0,1.045980333,0
1004,0,0,0.922015541,0
1004,0,0,3.017015084,0
1004,0,0,2.123320625,0
1004,0,0,1.992593042,0
1004,0,1,2.031741125,0
1004,0,1,1.957304792,0
1004,0,1,2.363938084,0
1004,0,1,2.344895958,0
1004,0,0,1.7483455,0
1004,0,1,2.437644416,0
1004,0,0,1.1709685,0
1004,0,0,1.272924875,0
1004,0,0,1.468159208,0
1004,0.5,1,2.356927417,0
1004,0.5,0,1.7488825,0
1004,1.5,1,1.349193208,0
1004,1.5,1,1.216993709,0
1004,-1.5,0,1.126988167,0
1004,-1.5,0,2.31661475,0
1004,-0.5,0,1.313671958,0
1004,-0.5,0,1.415791791,0
1004,-0.5,0,1.490201666,0
1004,0,1,2.154626833,0
1004,0,0,1.873407708,0
1004,0,1,1.144695333,0
1004,0,1,1.944539375,0
1004,0,1,2.223430875,0
1004,0,1,1.606717542,0
1004,0,1,2.565447541,0
1004,0,1,1.518308208,0
1004,0,0,1.932594167,0
1004,0,1,1.967670583,0
1004,0,0,1.653029125,0
1004,0,1,2.2746305,0
1004,0,0,1.942377833,0
1004,0,1,1.955081833,0
1004,0,1,2.819684791,0
1004,0,1,2.259240042,0
1004,0.5,1,1.979061834,0
1004,0.5,1,2.458309125,0
1004,1.5,1,1.264288416,0
1004,1.5,1,1.439618083,0
1004,-1.5,0,1.316973875,1
1004,-1.5,0,1.227283666,1
1004,-0.5,0,1.99718,1
1004,-0.5,0,2.069790625,1
1004,-0.5,1,1.596279417,1
1004,0,0,3.013861209,1
1004,0,0,2.359890833,1
1004,0,1,1.759341208,1
1004,0,0,2.203641584,1
1004,0,1,1.610102375,1
1004,0,0,2.34811225,1
1004,0,0,2.122843333,1
1004,0,1,2.21285725,1
1004,0,0,1.878690584,1
1004,0,0,2.035192834,1
1004,0,0,2.945484958,1
1004,0,0,2.314417209,1
1004,0,1,2.111592833,1
1004,0,1,2.112149583,1
1004,0,0,1.437159292,1
1004,0,1,1.1264255,1
1004,0.5,1,2.294672541,1
1004,0.5,1,1.472511042,1
1004,1.5,1,1.294196666,1
1004,1.5,1,1.436672959,1
1004,-1.5,0,0.874580042,-1
1004,-1.5,0,1.109359667,-1
1004,-0.5,0,1.779558958,-1
1004,-0.5,0,2.21203525,-1
1004,-0.5,0,1.734215042,-1
1004,0,1,1.809815791,-1
1004,0,1,1.726807667,-1
1004,0,0,2.898901583,-1
1004,0,0,1.300846916,-1
1004,0,1,1.26588025,-1
1004,0,0,2.325850333,-1
1004,0,0,1.865581125,-1
1004,0,0,2.782087,-1
1004,0,1,2.61786075,-1
1004,0,1,1.924947375,-1
1004,0,0,1.849371584,-1
1004,0,0,2.511368083,-1
1004,0,0,2.213181916,-1
1004,0,0,1.831824458,-1
1004,0,0,1.780804,-1
1004,0,0,1.99551925,-1
1004,0.5,1,1.677921083,-1
1004,0.5,1,1.665898167,-1
1004,1.5,1,1.969552167,-1
1004,1.5,1,1.520569042,-1
1004,-1.5,0,1.501526209,1
1004,-1.5,0,1.333804208,1
1004,-0.5,0,2.182421917,1
1004,-0.5,0,1.359241625,1
1004,0,1,3.695533,1
1004,0,0,3.508135708,1
1004,0,0,2.495476625,1
1004,0,0,3.471848791,1
1004,0,0,1.935192959,1
1004,0,1,2.90511275,1
1004,0,1,1.960393875,1
1004,0,1,1.941939458,1
1004,0,0,2.475817875,1
1004,0,0,2.93376675,1
1004,0,1,2.097870208,1
1004,0,0,2.885476791,1
1004,0,0,3.056771458,1
1004,0,0,3.073551917,1
1004,0,1,2.424944458,1
1004,0,1,1.983735625,1
1004,0.5,0,3.033378291,1
1004,0.5,0,2.060464834,1
1004,0.5,1,2.072158292,1
1004,1.5,1,2.095830208,1
1004,1.5,1,2.042336834,1
1004,-1.5,0,0.919273333,0
1004,-1.5,0,1.207086917,0
1004,-0.5,0,2.571646625,0
1004,-0.5,0,1.704652375,0
1004,0,0,2.79871875,0
1004,0,0,1.964368916,0
1004,0,0,1.335374416,0
1004,0,0,2.287563208,0
1004,0,1,2.657450583,0
1004,0,1,2.158132125,0
1004,0,0,1.777559667,0
1004,0,1,2.560040667,0
1004,0,1,2.569513083,0
1004,0,1,2.188608042,0
1004,0,1,2.50441025,0
1004,0,0,3.704903167,0
1004,0,0,1.665126459,0
1004,0,1,2.234416375,0
1004,0,1,1.526668666,0
1004,0,1,2.213416959,0
1004,0.5,1,1.549483167,0
1004,0.5,1,1.51310475,0
1004,0.5,1,2.696990625,0
1004,1.5,1,2.068741208,0
1004,1.5,1,1.455589667,0
1004,-1.5,0,0.796080375,-1
1004,-1.5,0,0.939765459,-1
1004,-0.5,0,2.973949167,-1
1004,-0.5,1,2.182379625,-1
1004,0,0,0.947930834,-1
1004,0,0,1.428304792,-1
1004,0,1,1.332466375,-1
1004,0,0,1.954952375,-1
1004,0,0,1.12973025,-1
1004,0,0,2.283980042,-1
1004,0,1,3.32852275,-1
1004,0,1,2.712566584,-1
1004,0,1,1.318429583,-1
1004,0,0,1.208882083,-1
1004,0,1,2.236818292,-1
1004,0,0,1.083901292,-1
1004,0,0,1.295090958,-1
1004,0,0,1.883002334,-1
1004,0,1,2.07614975,-1
1004,0,0,1.240165625,-1
1004,0.5,1,1.406856458,-1
1004,0.5,1,1.56606825,-1
1004,0.5,1,3.450678708,-1
1004,1.5,1,1.182998417,-1
1004,1.5,1,1.155174666,-1
1004,-1.5,0,1.43418325,1
1004,-1.5,0,1.093521833,1
1004,-0.5,0,1.628642834,1
1004,-0.5,0,1.648216375,1
1004,0,0,2.560763333,1
1004,0,1,2.295989541,1
1004,0,0,1.3151725,1
1004,0,1,1.181684333,1
1004,0,0,2.204619458,1
1004,0,1,2.41977,1
1004,0,0,1.913213875,1
1004,0,0,3.015766583,1
1004,0,0,1.725851042,1
1004,0,1,2.505492708,1
1004,0,1,2.224759833,1
1004,0,1,2.020990083,1
1004,0,1,2.887187167,1
1004,0,0,1.520329584,1
1004,0,1,2.19939175,1
1004,0,0,2.496189375,1
1004,0.5,1,1.418032042,1
1004,0.5,1,1.465114167,1
1004,0.5,1,2.128231166,1
1004,1.5,1,1.481155167,1
1004,1.5,1,1.061601375,1
1004,-1.5,0,1.463118333,0
1004,-1.5,0,1.0216495,0
1004,-0.5,0,2.171920708,0
1004,-0.5,0,1.483562417,0
1004,0,0,2.714936542,0
1004,0,0,2.684125416,0
1004,0,1,1.237862083,0
1004,0,1,2.311239625,0
1004,0,0,1.177507416,0
1004,0,1,2.362671209,0
1004,0,0,2.290338958,0
1004,0,0,3.161161083,0
1004,0,0,1.604885584,0
1004,0,0,1.632639709,0
1004,0,0,2.695602417,0
1004,0,1,1.951868125,0
1004,0,1,2.041208042,0
1004,0,0,1.880943709,0
1004,0,0,2.003775583,0
1004,0,0,2.975777958,0
1004,0.5,1,2.208237542,0
1004,0.5,1,1.128699417,0
1004,0.5,1,2.225171083,0
1004,1.5,1,1.87880225,0
1004,1.5,1,1.397377125,0
1004,-1.5,0,0.936701833,-1
1004,-1.5,0,1.5273135,-1
1004,-0.5,0,1.578432917,-1
1004,-0.5,0,1.797664333,-1
1004,0,0,1.119875042,-1
1004,0,1,1.829675375,-1
1004,0,1,2.266888875,-1
1004,0,1,2.070108375,-1
1004,0,1,2.114112209,-1
1004,0,1,2.294798083,-1
1004,0,0,2.16753225,-1
1004,0,0,2.157148834,-1
1004,0,1,2.305170292,-1
1004,0,1,1.58233725,-1
1004,0,1,2.461111667,-1
1004,0,0,2.006037834,-1
1004,0,1,1.874314417,-1
1004,0,1,2.683113541,-1
1004,0,1,2.166775,-1
1004,0,1,2.152958958,-1
1004,0.5,1,1.64992625,-1
1004,0.5,0,1.645551334,-1
1004,0.5,1,2.130443625,-1
1004,1.5,1,1.825756375,-1
1004,1.5,1,1.462378083,-1
1005,-1.5,0,0.7106785,1
1005,-1.5,0,0.839118708,1
1005,-0.5,0,1.862924708,1
1005,-0.5,0,1.049114625,1
1005,-0.5,1,1.750614458,1
1005,0,0,1.794598,1
1005,0,1,3.155638583,1
1005,0,1,2.683422833,1
1005,0,1,1.729571167,1
1005,0,1,2.570566209,1
1005,0,1,1.818136583,1
1005,0,1,2.76602825,1
1005,0,0,1.225734084,1
1005,0,0,2.027086041,1
1005,0,1,3.520305291,1
1005,0,0,1.021568916,1
1005,0.5,1,1.260260417,1
1005,0.5,1,2.283818625,1
1005,1.5,1,2.183253375,1
1005,1.5,1,0.879355458,1
1005,-1.5,0,0.689105709,-1
1005,-1.5,0,0.643570375,-1
1005,-0.5,1,0.912931333,-1
1005,-0.5,0,0.749272583,-1
1005,-0.5,0,0.66195625,-1
1005,0,0,0.77466275,-1
1005,0,1,1.517904583,-1
1005,0,0,0.689137584,-1
1005,0,0,0.571763292,-1
1005,0,0,0.673982083,-1
1005,0,1,1.429471292,-1
1005,0,0,2.294048167,-1
1005,0,1,2.341985708,-1
1005,0,1,2.514186166,-1
1005,0,0,0.721570708,-1
1005,0,0,2.32162375,-1
1005,0,1,1.18632525,-1
1005,0,1,1.138500667,-1
1005,0,0,1.275051583,-1
1005,0,0,1.504841291,-1
1005,0,0,0.7647865,-1
1005,0.5,1,1.612411875,-1
1005,0.5,1,0.958287041,-1
1005,1.5,1,0.829352708,-1
1005,1.5,1,0.798897458,-1
1005,-1.5,0,0.571167542,0
1005,-1.5,0,0.655966416,0
1005,-0.5,0,0.951302709,0
1005,-0.5,1,1.926882834,0
1005,-0.5,0,1.149539958,0
1005,0,0,0.720389792,0
1005,0,0,2.878888334,0
1005,0,1,1.159317333,0
1005,0,0,0.796683375,0
1005,0,0,1.552217792,0
1005,0,1,0.753454584,0
1005,0,1,1.151662292,0
1005,0,1,0.956486833,0
1005,0,1,0.871773167,0
1005,0,0,1.874352292,0
1005,0,0,0.706841041,0
1005,0,1,0.784985209,0
1005,0,1,1.0998805,0
1005,0,0,1.116936292,0
1005,0,1,1.12498625,0
1005,0,1,1.342322083,0
1005,0.5,1,0.840014416,0
1005,0.5,1,0.898967333,0
1005,1.5,1,1.0393485,0
1005,1.5,1,0.878354625,0
1005,-1.5,0,0.624122542,-1
1005,-1.5,0,0.658896875,-1
1005,-0.5,0,1.289590333,-1
1005,-0.5,0,1.956916959,-1
1005,-0.5,0,0.75814175,-1
1005,0,1,0.820940083,-1
1005,0,0,1.918481209,-1
1005,0,0,0.992483709,-1
1005,0,1,1.834798667,-1
1005,0,0,3.029114709,-1
1005,0,1,3.1539595,-1
1005,0,0,1.068432667,-1
1005,0,0,0.731421708,-1
1005,0,1,0.948974,-1
1005,0,1,0.860651166,-1
1005,0,1,0.804210583,-1
1005,0,0,0.736657416,-1
1005,0,1,2.4441795,-1
1005,0,1,1.24016975,-1
1005,0,1,1.703947125,-1
1005,0,1,1.536841333,-1
1005,0.5,1,1.597420958,-1
1005,0.5,1,0.783022958,-1
1005,1.5,1,0.834069959,-1
1005,1.5,1,1.515061209,-1
1005,-1.5,0,0.853960917,1
1005,-1.5,0,1.411357792,1
1005,-0.5,0,3.022806917,1
1005,-0.5,0,0.978185208,1
1005,-0.5,0,1.795899584,1
1005,0,1,0.697650458,1
1005,0,0,1.974857542,1
1005,0,1,2.9806995,1
1005,0,1,3.641962542,1
1005,0,0,2.917234458,1
1005,0,1,1.129457459,1
1005,0,1,0.823625333,1
1005,0,1,1.198456416,1
1005,0,1,1.422334416,1
1005,0,1,0.655044666,1
1005,0,0,2.294652833,1
1005,0,1,1.582747292,1
1005,0,1,1.133703666,1
1005,0,1,0.643764958,1
1005,0,0,1.783148667,1
1005,0,0,3.039033833,1
1005,0.5,1,0.848040125,1
1005,0.5,1,1.114684291,1
1005,1.5,1,0.765650292,1
1005,1.5,1,0.978722584,1
1005,-1.5,0,0.744440083,0
1005,-1.5,0,0.822714917,0
1005,-0.5,1,0.814143666,0
1005,-0.5,1,1.908178917,0
1005,-0.5,0,2.597413042,0
1005,0,1,0.880804084,0
1005,0,1,2.300725042,0
1005,0,1,1.286711541,0
1005,0,0,1.834643208,0
1005,0,1,0.872640417,0
1005,0,0,2.127080542,0
1005,0,1,2.623663916,0
1005,0,1,0.979830542,0
1005,0,1,1.661265334,0
1005,0,0,1.16980375,0
1005,0,1,3.536012375,0
1005,0,1,0.969632917,0
1005,0,0,3.120452041,0
1005,0,1,1.95709975,0
1005,0,0,0.849111459,0
1005,0,0,3.592304166,0
1005,0.5,1,1.50686575,0
1005,0.5,1,2.720161875,0
1005,1.5,1,0.5021965,0
1005,1.5,1,1.155095833,0
1005,-1.5,0,1.300125833,-1
1005,-1.5,0,1.6814675,-1
1005,-0.5,1,1.238699917,-1
1005,-0.5,0,1.69550725,-1
1005,0,1,1.069021333,-1
1005,0,1,2.481811834,-1
1005,0,0,2.141957959,-1
1005,0,1,1.64428025,-1
1005,0,0,2.207794708,-1
1005,0,1,2.429358959,-1
1005,0,1,1.106193584,-1
1005,0,1,1.143549667,-1
1005,0,0,2.013973417,-1
1005,0,0,2.029322417,-1
1005,0,0,1.536465208,-1
1005,0,1,2.869035083,-1
1005,0,1,1.466254125,-1
1005,0,1,1.195404834,-1
1005,0,1,1.10174575,-1
1005,0.5,1,1.045432666,-1
1005,0.5,0,2.127020625,-1
1005,0.5,0,2.8752595,-1
1005,1.5,1,1.266312375,-1
1005,1.5,1,1.383413166,-1
1005,-1.5,0,0.879027125,0
1005,-1.5,0,1.096055042,0
1005,-0.5,0,1.073989625,0
1005,-0.5,1,1.117811542,0
1005,0,1,1.184413208,0
1005,0,0,1.128924458,0
1005,0,0,1.132764375,0
1005,0,1,1.66271675,0
1005,0,0,2.563026875,0
1005,0,1,1.236959333,0
1005,0,0,1.2789545,0
1005,0,1,1.626959791,0
1005,0,1,1.5299475,0
1005,0,1,3.206959708,0
1005,0,0,2.650371167,0
1005,0,0,1.016309667,0
1005,0,1,1.097794875,0
1005,0,0,2.228601542,0
1005,0,1,1.706793833,0
1005,0.5,1,2.232149667,0
1005,0.5,1,1.983800042,0
1005,0.5,1,1.255568625,0
1005,1.5,1,1.194282375,0
1005,1.5,1,2.298858458,0
1005,-1.5,0,0.8265705,1
1005,-1.5,0,0.786553625,1
1005,-0.5,0,1.408063208,1
1005,-0.5,1,1.279947333,1
1005,0,0,1.646366083,1
1005,0,0,1.4828565,1
1005,0,0,1.134928375,1
1005,0,1,1.072088041,1
1005,0,1,0.855182084,1
1005,0,1,1.794241875,1
1005,0,1,1.471600375,1
1005,0,1,1.883706458,1
1005,0,0,1.991704625,1
1005,0,1,1.605793084,1
1005,0,0,1.418098291,1
1005,0,1,1.1020015,1
1005,0,1,1.094097709,1
1005,0,0,0.972574292,1
1005,0.5,1,1.109645125,1
1005,0.5,1,0.9745625,1
1005,0.5,1,1.165982916,1
1005,1.5,1,1.593866,1
1005,1.5,1,1.187114292,1
1005,-1.5,0,0.786473375,0
1005,-1.5,0,0.81809525,0
1005,-0.5,1,3.305950458,0
1005,-0.5,1,0.76735025,0
1005,0,1,3.002848083,0
1005,0,1,0.980830792,0
1005,0,1,0.77061425,0
1005,0,1,0.801466541,0
1005,0,1,0.810242292,0
1005,0,1,0.87041475,0
1005,0,1,0.704411125,0
1005,0,1,1.219445792,0
1005,0,1,1.178198917,0
1005,0,1,0.824682,0
1005,0,1,1.376987125,0
1005,0,1,1.010542209,0
1005,0,0,0.819625709,0
1005,0,0,0.779149083,0
1005,0,0,3.839688166,0
1005,0,0,2.364049833,0
1005,0.5,1,0.777368417,0
1005,0.5,1,0.763515667,0
1005,0.5,1,0.718974916,0
1005,1.5,1,0.690555833,0
1005,1.5,1,2.214210792,0
1005,-1.5,0,0.989903083,1
1005,-1.5,0,0.796772917,1
1005,-0.5,1,1.09471825,1
1005,-0.5,0,0.773320625,1
1005,0,0,1.263298709,1
1005,0,1,1.837341834,1
1005,0,1,0.781328083,1
1005,0,1,1.480159083,1
1005,0,0,0.922241667,1
1005,0,1,0.774765417,1
1005,0,1,1.001740875,1
1005,0,0,3.997122375,1
1005,0,0,3.524480833,1
1005,0,1,1.787905292,1
1005,0,1,1.475182792,1
1005,0,1,0.809336792,1
1005,0,1,0.781566708,1
1005,0,1,0.927832375,1
1005,0,1,1.245934083,1
1005,0,1,1.577805125,1
1005,0.5,1,0.657211042,1
1005,0.5,1,1.185249042,1
1005,0.5,0,2.965929667,1
1005,1.5,1,1.48776275,1
1005,1.5,1,0.692532333,1
1005,-1.5,0,0.900767208,-1
1005,-1.5,0,0.72132175,-1
1005,-0.5,0,2.609173834,-1
1005,-0.5,0,3.193980417,-1
1005,0,0,1.288631291,-1
1005,0,1,0.910995083,-1
1005,0,1,2.128277417,-1
1005,0,1,1.821250375,-1
1005,0,1,1.481693959,-1
1005,0,1,2.162188625,-1
1005,0,0,0.715063375,-1
1005,0,1,1.478230792,-1
1005,0,0,3.049940958,-1
1005,0,1,2.298900792,-1
1005,0,1,1.074346417,-1
1005,0,1,1.540645833,-1
1005,0,0,0.741378667,-1
1005,0,1,1.020491292,-1
1005,0,1,3.849576542,-1
1005,0,1,1.646454417,-1
1005,0.5,1,0.820162084,-1
1005,0.5,1,1.2490745,-1
1005,0.5,1,0.685645583,-1
1005,1.5,1,0.930496,-1
1005,1.5,1,0.722120292,-1
1006,-1.5,0,1.3922365,-1
1006,-1.5,0,1.126878542,-1
1006,-0.5,0,1.394827708,-1
1006,-0.5,0,1.876973875,-1
1006,-0.5,1,0.83027925,-1
1006,0,1,1.029161292,-1
1006,0,1,1.186538125,-1
1006,0,0,2.023590875,-1
1006,0,0,2.192151208,-1
1006,0,0,1.031843584,-1
1006,0,1,0.942617583,-1
1006,0,1,0.950367083,-1
1006,0,1,1.043231417,-1
1006,0,0,1.15225825,-1
1006,0,1,1.099493125,-1
1006,0,1,1.045580375,-1
1006,0,1,1.002255209,-1
1006,0,1,0.960513667,-1
1006,0,1,1.209362041,-1
1006,0,1,0.943536625,-1
1006,0,1,0.831250292,-1
1006,0.5,1,2.106563292,-1
1006,0.5,1,0.836702541,-1
1006,1.5,1,0.816753583,-1
1006,1.5,1,0.375318958,-1
1006,-1.5,0,0.966007916,1
1006,-1.5,0,0.858446542,1
1006,-0.5,0,1.029842208,1
1006,-0.5,1,1.197792959,1
1006,-0.5,1,1.619785709,1
1006,0,1,0.880455916,1
1006,0,1,1.530414708,1
1006,0,1,0.820537541,1
1006,0,1,1.76404425,1
1006,0,1,0.842284375,1
1006,0,1,0.717352625,1
1006,0,0,1.377968334,1
1006,0,1,1.87108575,1
1006,0,1,0.932579459,1
1006,0,1,0.782455917,1
1006,0,1,2.138191333,1
1006,0,1,1.910754292,1
1006,0,0,0.673805584,1
1006,0,1,1.15302925,1
1006,0,1,1.136442958,1
1006,0,1,1.013119792,1
1006,0.5,1,1.178393666,1
1006,0.5,1,0.748693708,1
1006,1.5,1,0.909293958,1
1006,1.5,1,0.708926084,1
1006,-1.5,0,1.106865708,0
1006,-1.5,0,0.969626791,0
1006,-0.5,0,1.9443125,0
1006,-0.5,0,1.512474875,0
1006,-0.5,0,0.928146083,0
1006,0,1,1.636516125,0
1006,0,1,2.239018709,0
1006,0,0,1.713846292,0
1006,0,0,1.714027792,0
1006,0,1,0.890870042,0
1006,0,1,1.677727292,0
1006,0,0,1.62489475,0
1006,0,1,1.612313459,0
1006,0,1,0.750299667,0
1006,0,0,1.554909666,0
1006,0,1,0.874242,0
1006,0,1,0.859189042,0
1006,0,1,0.994498541,0
1006,0,1,1.576758875,0
1006,0,0,1.008491416,0
1006,0,0,2.165413875,0
1006,0.5,1,2.538970959,0
1006,0.5,1,1.116928166,0
1006,1.5,1,0.922371042,0
1006,1.5,1,0.96687125,0
1006,-1.5,0,0.976748459,1
1006,-1.5,0,0.770389458,1
1006,-0.5,1,1.92574725,1
1006,-0.5,1,0.789782667,1
1006,-0.5,0,1.491797542,1
1006,0,0,1.356626584,1
1006,0,1,2.259287041,1
1006,0,0,2.052858375,1
1006,0,1,0.935595625,1
1006,0,1,0.937599958,1
1006,0,1,2.12288225,1
1006,0,1,0.755749541,1
1006,0,1,1.892828459,1
1006,0,0,1.712956167,1
1006,0,1,1.012908166,1
1006,0,1,1.065066333,1
1006,0,1,1.205876166,1
1006,0,1,1.61278125,1
1006,0,0,1.926525875,1
1006,0,1,0.828613542,1
1006,0,1,1.660922292,1
1006,0.5,1,0.896125542,1
1006,0.5,1,0.732859083,1
1006,1.5,1,0.685889292,1
1006,1.5,1,0.988864584,1
1006,-1.5,0,1.133378416,0
1006,-1.5,0,1.210037459,0
1006,-0.5,1,0.744869916,0
1006,-0.5,1,0.909346208,0
1006,-0.5,0,1.171324584,0
1006,0,0,0.763288542,0
1006,0,1,1.386456375,0
1006,0,1,0.813731917,0
1006,0,1,1.649642208,0
1006,0,0,1.67682,0
1006,0,0,1.360201458,0
1006,0,1,1.470598333,0
1006,0,1,0.639803041,0
1006,0,0,2.238889083,0
1006,0,1,1.998459125,0
1006,0,0,1.7839015,0
1006,0,1,1.936388917,0
1006,0,1,0.610349959,0
1006,0,0,1.67301075,0
1006,0,1,1.386349208,0
1006,0,1,2.458199625,0
1006,0.5,1,0.74204975,0
1006,0.5,1,0.824734209,0
1006,1.5,1,0.90466,0
1006,1.5,1,0.675586417,0
1006,-1.5,0,0.726618,-1
1006,-1.5,0,0.922656084,-1
1006,-0.5,0,1.167704416,-1
1006,-0.5,1,2.995473083,-1
1006,-0.5,0,1.874129375,-1
1006,0,1,2.474544417,-1
1006,0,1,0.689999125,-1
1006,0,0,2.096969209,-1
1006,0,0,1.746006333,-1
1006,0,1,0.752790375,-1
1006,0,1,0.86173325,-1
1006,0,1,1.671297042,-1
1006,0,0,2.220491,-1
1006,0,1,0.817475458,-1
1006,0,1,1.198392584,-1
1006,0,0,1.491328625,-1
1006,0,1,2.571388167,-1
1006,0,1,2.768552125,-1
1006,0,1,1.325844208,-1
1006,0,0,1.639050584,-1
1006,0,1,0.828197666,-1
1006,0.5,1,1.349311417,-1
1006,0.5,1,1.302556292,-1
1006,1.5,1,1.256424625,-1
1006,1.5,1,0.828739542,-1
1006,-1.5,0,0.943966083,0
1006,-1.5,0,0.769421167,0
1006,-0.5,0,1.741127459,0
1006,-0.5,0,1.049475292,0
1006,0,0,1.909211459,0
1006,0,1,0.99978025,0
1006,0,1,0.910284291,0
1006,0,1,0.892517125,0
1006,0,0,0.986551083,0
1006,0,1,0.906971083,0
1006,0,1,1.7300785,0
1006,0,0,1.86292575,0
1006,0,1,0.7714935,0
1006,0,1,0.665572625,0
1006,0,0,1.155675167,0
1006,0,1,0.992636833,0
1006,0,0,1.010231208,0
1006,0,1,0.753184209,0
1006,0,0,1.06082275,0
1006,0,0,1.300647334,0
1006,0.5,1,0.740513167,0
1006,0.5,1,0.829807125,0
1006,0.5,1,0.763224541,0
1006,1.5,1,0.661710042,0
1006,1.5,1,0.748643666,0
1006,-1.5,0,0.834972625,-1
1006,-1.5,0,0.860445792,-1
1006,-0.5,0,2.157387416,-1
1006,-0.5,0,1.476641958,-1
1006,0,0,0.97488325,-1
1006,0,1,1.014017416,-1
1006,0,0,1.268889041,-1
1006,0,0,2.117975291,-1
1006,0,1,0.803181458,-1
1006,0,0,1.098047167,-1
1006,0,1,0.833142042,-1
1006,0,1,1.016625083,-1
1006,0,1,1.917029875,-1
1006,0,0,2.144290084,-1
1006,0,1,1.306073667,-1
1006,0,0,0.88861475,-1
1006,0,1,1.933728458,-1
1006,0,1,0.725838541,-1
1006,0,0,1.123433166,-1
1006,0,0,0.835555208,-1
1006,0.5,1,0.946488917,-1
1006,0.5,1,0.723814,-1
1006,0.5,1,0.752239042,-1
1006,1.5,1,0.775993208,-1
1006,1.5,1,0.771172416,-1
1006,-1.5,0,0.753626625,1
1006,-1.5,0,0.789372,1
1006,-0.5,0,1.834143791,1
1006,-0.5,1,1.602123792,1
1006,0,0,2.0070955,1
1006,0,0,1.777074958,1
1006,0,0,1.649162875,1
1006,0,0,2.048368416,1
1006,0,0,1.601702334,1
1006,0,1,2.033158792,1
1006,0,0,1.863590334,1
1006,0,1,0.745041459,1
1006,0,1,0.855406917,1
1006,0,1,1.60792125,1
1006,0,1,1.001657916,1
1006,0,0,2.366635875,1
1006,0,0,1.277921459,1
1006,0,1,1.006530208,1
1006,0,1,0.853538292,1
1006,0,0,1.347383333,1
1006,0.5,1,0.786888834,1
1006,0.5,1,0.946807166,1
1006,0.5,1,1.01725425,1
1006,1.5,1,0.714497459,1
1006,1.5,1,0.75800925,1
1006,-1.5,0,0.766174875,1
1006,-1.5,0,0.607993833,1
1006,-0.5,0,1.990591667,1
1006,-0.5,1,2.527112875,1
1006,0,1,0.680683333,1
1006,0,1,0.86026775,1
1006,0,1,0.673730792,1
1006,0,0,0.940259583,1
1006,0,0,1.140389834,1
1006,0,1,0.745324,1
1006,0,1,2.450582542,1
1006,0,1,0.832113583,1
1006,0,1,1.971531625,1
1006,0,1,1.972823417,1
1006,0,1,1.689106625,1
1006,0,1,0.7893215,1
1006,0,1,0.627268,1
1006,0,1,1.239903125,1
1006,0,1,0.597147458,1
1006,0,0,1.739656625,1
1006,0.5,1,1.000877083,1
1006,0.5,1,0.620263292,1
1006,0.5,1,1.492756167,1
1006,1.5,1,0.62694575,1
1006,1.5,1,0.581311792,1
1006,-1.5,0,1.749026625,-1
1006,-1.5,0,0.652836458,-1
1006,-0.5,1,1.102719834,-1
1006,-0.5,1,2.085562834,-1
1006,0,0,2.193688875,-1
1006,0,1,0.995454583,-1
1006,0,1,0.566548292,-1
1006,0,0,1.50729325,-1
1006,0,1,0.930689667,-1
1006,0,0,0.941803666,-1
1006,0,0,1.150646,-1
1006,0,1,1.341477292,-1
1006,0,0,1.110877,-1
1006,0,1,0.763512708,-1
1006,0,1,0.970948792,-1
1006,0,1,0.667622875,-1
1006,0,1,1.689081375,-1
1006,0,1,1.054546083,-1
1006,0,0,1.471292041,-1
1006,0,1,3.156292375,-1
1006,0.5,1,0.786918958,-1
1006,0.5,1,0.909505375,-1
1006,0.5,1,0.9289815,-1
1006,1.5,1,0.785449416,-1
1006,1.5,1,0.6760165,-1
1006,-1.5,0,0.669752666,0
1006,-1.5,0,1.200701708,0
1006,-0.5,1,2.371439,0
1006,-0.5,0,2.694717166,0
1006,0,1,1.1913025,0
1006,0,1,0.79102075,0
1006,0,1,1.32289675,0
1006,0,0,2.374739542,0
1006,0,1,1.066482375,0
1006,0,1,0.705411666,0
1006,0,1,0.900181791,0
1006,0,1,0.975898209,0
1006,0,1,0.7033285,0
1006,0,1,0.915851292,0
1006,0,0,1.2588155,0
1006,0,1,1.401633917,0
1006,0,0,1.626814208,0
1006,0,0,1.890292333,0
1006,0,0,0.954577708,0
1006,0,0,1.599271208,0
1006,0.5,1,0.7717185,0
1006,0.5,1,1.272316542,0
1006,0.5,1,0.705099542,0
1006,1.5,1,1.278086833,0
1006,1.5,1,0.862096958,0
1007,-1.5,0,0.916405875,0
1007,-1.5,0,0.798098792,0
1007,-0.5,0,0.963414584,0
1007,-0.5,1,3.512153416,0
1007,-0.5,1,1.03635625,0
1007,0,1,0.964293375,0
1007,0,1,1.051468916,0
1007,0,0,1.023724791,0
1007,0,1,3.31260675,0
1007,0,1,3.519221083,0
1007,0,1,1.082523333,0
1007,0,1,0.873092167,0
1007,0,1,0.720664291,0
1007,0,1,2.705141792,0
1007,0,1,2.202466625,0
1007,0,1,2.007519958,0
1007,0,0,2.189531041,0
1007,0,1,0.968056916,0
1007,0,1,0.941070542,0
1007,0,1,0.770159708,0
1007,0,1,0.784078,0
1007,0.5,0,1.790291417,0
1007,0.5,1,0.889547666,0
1007,1.5,1,0.742373417,0
1007,1.5,1,1.084932292,0
1007,-1.5,0,0.777585791,-1
1007,-1.5,0,0.700697333,-1
1007,-0.5,0,1.087686291,-1
1007,-0.5,0,0.585235292,-1
1007,-0.5,0,0.605846291,-1
1007,0,0,1.067000042,-1
1007,0,0,0.491549,-1
1007,0,0,1.540769875,-1
1007,0,0,1.313708833,-1
1007,0,1,0.732194958,-1
1007,0,1,0.81879575,-1
1007,0,1,1.050887,-1
1007,0,0,1.035689083,-1
1007,0,1,1.368138875,-1
1007,0,1,0.851633625,-1
1007,0,0,0.609926333,-1
1007,0,0,0.683065333,-1
1007,0,0,1.331975042,-1
1007,0,1,1.461037542,-1
1007,0,0,0.855773042,-1
1007,0,0,0.671386625,-1
1007,0.5,1,1.593620916,-1
1007,0.5,1,2.403422083,-1
1007,1.5,1,0.774356708,-1
1007,1.5,1,0.971222042,-1
1007,-1.5,0,0.81377675,1
1007,-1.5,0,0.664824375,1
1007,-0.5,0,0.805857458,1
1007,-0.5,0,1.368254666,1
1007,-0.5,0,1.669796584,1
1007,0,0,0.706249417,1
1007,0,1,2.172302791,1
1007,0,0,1.161115167,1
1007,0,0,0.985387917,1
1007,0,0,0.868172917,1
1007,0,0,1.459949667,1
1007,0,0,1.347867917,1
1007,0,1,1.728232542,1
1007,0,1,0.716218334,1
1007,0,0,0.964144834,1
1007,0,0,1.477269417,1
1007,0,1,0.670379375,1
1007,0,0,0.946545416,1
1007,0,0,0.933914083,1
1007,0,0,2.563924417,1
1007,0,0,0.978133667,1
1007,0.5,1,1.297027416,1
1007,0.5,1,0.931545792,1
1007,1.5,1,0.751032375,1
1007,1.5,1,0.812964125,1
1007,-1.5,0,0.719912792,-1
1007,-1.5,0,0.788711459,-1
1007,-0.5,0,0.661860292,-1
1007,-0.5,0,1.270764958,-1
1007,-0.5,0,0.69043075,-1
1007,0,0,0.595501792,-1
1007,0,0,0.8365855,-1
1007,0,0,0.941457208,-1
1007,0,0,0.787876417,-1
1007,0,1,0.860092166,-1
1007,0,0,1.205480583,-1
1007,0,0,1.041422042,-1
1007,0,1,0.866470583,-1
1007,0,1,1.938022167,-1
1007,0,0,1.299342583,-1
1007,0,1,0.910482708,-1
1007,0,0,0.760632459,-1
1007,0,0,0.725718041,-1
1007,0,0,0.936822459,-1
1007,0,1,0.754590458,-1
1007,0,0,0.65008525,-1
1007,0.5,1,0.92711825,-1
1007,0.5,1,2.000962708,-1
1007,1.5,1,0.832097208,-1
1007,1.5,1,0.787253167,-1
1007,-1.5,0,0.6904,0
1007,-1.5,0,1.02864525,0
1007,-0.5,0,0.638725917,0
1007,-0.5,0,1.281440833,0
1007,0,0,1.105154375,0
1007,0,0,1.386862166,0
1007,0,0,1.404316625,0
1007,0,0,1.054393791,0
1007,0,0,1.049874375,0
1007,0,0,0.87786,0
1007,0,0,0.969171125,0
1007,0,0,1.964549,0
1007,0,1,1.2307065,0
1007,0,1,1.395008,0
1007,0,1,1.345414,0
1007,0,0,0.931348917,0
1007,0,1,1.847191541,0
1007,0,0,1.928453542,0
1007,0,0,0.897915584,0
1007,0,0,0.791393417,0
1007,0.5,1,0.905562209,0
1007,0.5,1,0.943326667,0
1007,1.5,1,0.955229458,0
1007,1.5,1,0.820012959,0
1007,-1.5,0,0.76982925,1
1007,-1.5,0,0.930242791,1
1007,-0.5,0,0.72066375,1
1007,-0.5,0,0.808759917,1
1007,-0.5,0,0.72548525,1
1007,0,1,1.225312416,1
1007,0,1,0.916339292,1
1007,0,1,0.735949458,1
1007,0,1,0.8484865,1
1007,0,0,2.341972917,1
1007,0,0,0.819538291,1
1007,0,0,0.8572745,1
1007,0,1,1.733987667,1
1007,0,0,2.077512,1
1007,0,0,1.990415291,1
1007,0,0,0.984515667,1
1007,0,1,1.221807125,1
1007,0,0,1.867889083,1
1007,0,1,1.262716875,1
1007,0,1,1.651892833,1
1007,0,1,1.357874,1
1007,0.5,0,1.314924416,1
1007,0.5,1,2.300399916,1
1007,1.5,1,0.848058667,1
1007,1.5,1,0.785818292,1
1007,-1.5,0,0.759725417,1
1007,-1.5,0,0.724663208,1
1007,-0.5,0,1.602307541,1
1007,-0.5,1,3.36194025,1
1007,0,0,1.765803459,1
1007,0,0,3.173183208,1
1007,0,0,0.763664917,1
1007,0,0,0.998788375,1
1007,0,0,0.676962042,1
1007,0,1,0.650813,1
1007,0,0,0.671999542,1
1007,0,0,1.33330225,1
1007,0,1,0.704029458,1
1007,0,1,0.644862458,1
1007,0,0,3.418810417,1
1007,0,1,2.217405833,1
1007,0,1,3.266612417,1
1007,0,1,1.053469375,1
1007,0,1,0.755423375,1
1007,0,1,1.262079958,1
1007,0.5,1,0.696041125,1
1007,0.5,1,1.707602125,1
1007,0.5,0,1.671559209,1
1007,1.5,1,0.686549834,1
1007,1.5,1,0.668470875,1
1007,-1.5,0,0.781399666,-1
1007,-1.5,0,0.71082775,-1
1007,-0.5,0,0.63687125,-1
1007,-0.5,0,1.818405542,-1
1007,0,0,1.05598025,-1
1007,0,0,1.052140291,-1
1007,0,0,0.962358791,-1
1007,0,0,2.466656583,-1
1007,0,1,2.148436542,-1
1007,0,0,1.333933666,-1
1007,0,1,0.91396125,-1
1007,0,1,0.911287416,-1
1007,0,1,0.782728542,-1
1007,0,0,2.846084834,-1
1007,0,1,1.646289125,-1
1007,0,0,1.17507575,-1
1007,0,1,0.6454985,-1
1007,0,0,3.57800125,-1
1007,0,0,0.815759083,-1
1007,0.5,1,0.904616708,-1
1007,0.5,1,1.7305775,-1
1007,0.5,1,0.603691458,-1
1007,1.5,1,0.793894292,-1
1007,1.5,1,0.677718708,-1
1007,-1.5,0,0.704215834,0
1007,-1.5,0,0.683840708,0
1007,-0.5,0,1.382666958,0
1007,-0.5,0,0.7542855,0
1007,0,0,0.699118583,0
1007,0,0,0.6257165,0
1007,0,0,0.97898925,0
1007,0,0,0.577739625,0
1007,0,0,2.08295975,0
1007,0,1,0.781126208,0
1007,0,1,1.165618875,0
1007,0,1,0.693329666,0
1007,0,1,2.786957667,0
1007,0,0,1.484612167,0
1007,0,1,0.762993792,0
1007,0,1,0.871304917,0
1007,0,0,1.318197167,0
1007,0,0,0.685114125,0
1007,0,0,0.775399333,0
1007,0,1,0.973781791,0
1007,0.5,0,0.822309167,0
1007,0.5,1,0.895802,0
1007,0.5,1,0.692939875,0
1007,1.5,1,0.811820958,0
1007,1.5,1,0.690078416,0
1007,-1.5,0,0.795789667,1
1007,-1.5,0,0.656041792,1
1007,-0.5,0,1.312703458,1
1007,-0.5,0,0.937182875,1
1007,0,0,1.078271416,1
1007,0,0,0.773743458,1
1007,0,1,0.745721167,1
1007,0,0,1.758087792,1
1007,0,0,0.600924875,1
1007,0,0,0.8211765,1
1007,0,0,1.659383334,1
1007,0,0,0.940241708,1
1007,0,0,0.963614709,1
1007,0,0,0.98958375,1
1007,0,0,0.830285667,1
1007,0,1,2.615374916,1
1007,0,1,0.806760625,1
1007,0,0,1.750043708,1
1007,0,1,1.017022375,1
1007,0,1,2.045093584,1
1007,0.5,1,0.857059833,1
1007,0.5,1,1.02009875,1
1007,0.5,0,0.889576,1
1007,1.5,1,0.892018334,1
1007,1.5,1,0.901867708,1
1007,-1.5,0,0.662722375,-1
1007,-1.5,0,0.561793708,-1
1007,-0.5,0,0.717404625,-1
1007,-0.5,0,0.664054333,-1
1007,0,1,0.819943083,-1
1007,0,1,1.337713417,-1
1007,0,1,0.812711666,-1
1007,0,0,0.76312525,-1
1007,0,0,0.613479084,-1
1007,0,1,1.322840959,-1
1007,0,1,1.495286291,-1
1007,0,1,0.873471541,-1
1007,0,0,0.689125541,-1
1007,0,0,1.070156917,-1
1007,0,0,0.6345525,-1
1007,0,0,0.905775584,-1
1007,0,0,1.226027167,-1
1007,0,1,0.881737916,-1
1007,0,0,0.980197333,-1
1007,0,0,1.331588667,-1
1007,0.5,1,2.33122975,-1
1007,0.5,0,1.0959775,-1
1007,0.5,1,0.760765292,-1
1007,1.5,1,0.723305709,-1
1007,1.5,1,0.664221042,-1
1007,-1.5,0,0.832746875,0
1007,-1.5,0,0.709463083,0
1007,-0.5,1,1.391955417,0
1007,-0.5,0,0.721956209,0
1007,0,1,0.9079165,0
1007,0,1,0.830733334,0
1007,0,1,0.841594375,0
1007,0,0,0.573401,0
1007,0,1,0.7570825,0
1007,0,1,1.291420166,0
1007,0,1,2.15985425,0
1007,0,0,1.462703917,0
1007,0,1,1.395808334,0
1007,0,0,0.74752425,0
1007,0,0,0.88091775,0
1007,0,1,2.121457208,0
1007,0,1,0.76112775,0
1007,0,0,0.752431208,0
1007,0,0,0.624611417,0
1007,0,0,1.330303209,0
1007,0.5,1,0.781230959,0
1007,0.5,1,0.778700458,0
1007,0.5,1,2.362862917,0
1007,1.5,1,1.597597833,0
1007,1.5,0,1.22709125,0
1008,-1.5,0,0.951619792,1
1008,-1.5,0,0.822616417,1
1008,-0.5,0,1.493803166,1
1008,-0.5,1,2.288961292,1
1008,-0.5,0,1.799344958,1
1008,0,1,1.157482084,1
1008,0,1,1.377521208,1
1008,0,1,1.986456333,1
1008,0,0,1.077345458,1
1008,0,1,1.805212542,1
1008,0,0,1.219840875,1
1008,0,0,1.767190333,1
1008,0,0,1.845150959,1
1008,0,1,1.907965666,1
1008,0,0,2.359819666,1
1008,0,1,1.844645042,1
1008,0,1,1.768524167,1
1008,0,1,1.406401208,1
1008,0,1,1.188574625,1
1008,0,1,1.656677709,1
1008,0,1,1.669924916,1
1008,0.5,1,1.690144708,1
1008,0.5,0,1.513856333,1
1008,1.5,1,1.086578209,1
1008,1.5,1,0.904014083,1
1008,-1.5,0,1.19121025,-1
1008,-1.5,0,1.413305083,-1
1008,-0.5,0,2.586949417,-1
1008,-0.5,0,1.040701583,-1
1008,-0.5,1,1.39850325,-1
1008,0,0,2.195202666,-1
1008,0,0,1.366098583,-1
1008,0,0,2.143604708,-1
1008,0,1,1.63952675,-1
1008,0,1,1.689917042,-1
1008,0,1,2.157794042,-1
1008,0,0,1.28121525,-1
1008,0,1,1.065544833,-1
1008,0,1,0.855109583,-1
1008,0,1,1.257902,-1
1008,0,0,1.629733,-1
1008,0,1,1.539510458,-1
1008,0,1,2.604083125,-1
1008,0,0,1.033992125,-1
1008,0,1,2.086854875,-1
1008,0,0,1.141980167,-1
1008,0.5,1,1.184859709,-1
1008,0.5,0,2.256523375,-1
1008,1.5,1,1.495738375,-1
1008,1.5,1,1.846220208,-1
1008,-1.5,0,1.134366458,0
1008,-1.5,0,2.23208175,0
1008,-0.5,0,2.138513458,0
1008,-0.5,1,0.886251083,0
1008,-0.5,0,2.137849083,0
1008,0,0,2.106230875,0
1008,0,1,2.074148709,0
1008,0,0,2.697960666,0
1008,0,0,0.902287666,0
1008,0,1,1.886042042,0
1008,0,0,1.6353005,0
1008,0,0,3.544303875,0
1008,0,1,1.380182709,0
1008,0,1,2.171043959,0
1008,0,0,2.035249708,0
1008,0,0,1.904225958,0
1008,0,1,1.809778792,0
1008,0,0,1.15784775,0
1008,0,0,1.153737333,0
1008,0,0,1.770038166,0
1008,0,0,1.210649708,0
1008,0.5,0,1.565957792,0
1008,0.5,1,1.778519916,0
1008,1.5,1,0.857864542,0
1008,1.5,1,1.665565833,0
1008,-1.5,0,1.082343084,0
1008,-1.5,0,0.991821458,0
1008,-0.5,0,1.709244667,0
1008,-0.5,0,1.386866958,0
1008,0,0,1.153260542,0
1008,0,1,1.275509791,0
1008,0,1,2.247956542,0
1008,0,0,1.42384775,0
1008,0,0,0.876742292,0
1008,0,0,1.581650542,0
1008,0,1,1.198329292,0
1008,0,1,1.400091666,0
1008,0,0,1.445687125,0
1008,0,0,1.532822667,0
1008,0,1,1.572951167,0
1008,0,0,1.494316958,0
1008,0,0,2.089650709,0
1008,0,0,1.211412917,0
1008,0,1,1.244765792,0
1008,0,1,1.46786075,0
1008,0.5,1,1.022687375,0
1008,0.5,1,1.46703825,0
1008,0.5,1,1.953668375,0
1008,1.5,1,1.24099725,0
1008,1.5,1,1.208094791,0
1008,-1.5,0,2.659629916,1
1008,-1.5,0,0.951694542,1
1008,-0.5,0,2.492001458,1
1008,-0.5,1,1.557502875,1
1008,0,0,2.557491709,1
1008,0,1,1.522534542,1
1008,0,0,1.452098834,1
1008,0,0,2.373244125,1
1008,0,1,1.766911792,1
1008,0,1,2.219734292,1
1008,0,0,1.781809584,1
1008,0,0,1.140246958,1
1008,0,0,2.116567792,1
1008,0,1,2.258669875,1
1008,0,1,1.584769208,1
1008,0,0,1.472639166,1
1008,0,0,1.631454416,1
1008,0,1,2.434833958,1
1008,0,1,1.379047,1
1008,0,0,1.856746458,1
1008,0.5,1,1.316950292,1
1008,0.5,1,1.733647167,1
1008,0.5,1,1.654078916,1
1008,1.5,1,1.226390833,1
1008,1.5,1,1.443753542,1
1008,-1.5,0,2.072282417,-1
1008,-1.5,0,0.950866125,-1
1008,-0.5,0,1.495087417,-1
1008,-0.5,0,1.622228542,-1
1008,0,0,2.06413025,-1
1008,0,0,1.794565167,-1
1008,0,0,2.10025725,-1
1008,0,0,1.427360208,-1
1008,0,0,2.076339458,-1
1008,0,1,1.212937958,-1
1008,0,1,1.691470041,-1
1008,0,1,1.721614542,-1
1008,0,1,1.153561958,-1
1008,0,1,2.039083834,-1
1008,0,0,0.953087375,-1
1008,0,1,2.760731875,-1
1008,0,0,1.916323625,-1
1008,0,1,2.075893708,-1
1008,0,0,1.573301334,-1
1008,0.5,1,1.859576125,-1
1008,0.5,0,1.798110333,-1
1008,0.5,1,1.373872208,-1
1008,1.5,1,1.0139615,-1
1008,1.5,1,1.801720833,-1